{
  "value": 0.24559915993430692,
  "params": {
    "lr": 5.2541146654420416e-05,
    "weight_decay": 5.7211419627080864e-05,
    "focal_gamma": 2.974960421812029,
    "proj_dropout": 0.3041614451069604,
    "gcn_layers": 7,
    "gcn_alpha": 0.17188117863734945,
    "gcn_dropout": 0.05204135808097406,
    "tcn_dropout": 0.22774743344596943,
    "clf_dropout": 0.32081049603020767,
    "lambda_mcc": 1.9063290222707727,
    "batch_size": 2
  }
}