{
  "value": 0.2972649909777224,
  "params": {
    "lr": 0.00025223306676718464,
    "weight_decay": 0.0009075566759513445,
    "focal_gamma": 1.5890372656451144,
    "proj_dropout": 0.31311986098900335,
    "gcn_layers": 6,
    "gcn_alpha": 0.10899480070258027,
    "gcn_dropout": 0.26165330160171557,
    "tcn_dropout": 0.19898811807892286,
    "clf_dropout": 0.49611756787524997,
    "lambda_mcc": 1.954532931190156,
    "batch_size": 2
  }
}