{
  "value": 0.5107806208688125,
  "params": {
    "lr": 1.2791453106231851e-05,
    "weight_decay": 0.0004869302537251107,
    "focal_gamma": 2.036475116822786,
    "proj_dropout": 0.22122153600427188,
    "fusion_dropout": 0.1439868339542001,
    "fusion_heads": 2,
    "gcn_layers": 5,
    "gcn_alpha": 0.43721567580761067,
    "gcn_dropout": 0.09103949880201281,
    "tcn_dropout": 0.11397679784281059,
    "clf_dropout": 0.24397648165885627,
    "lambda_mcc": 1.5288357906457397,
    "batch_size": 1
  }
}