{
  "value": 0.49577095410044214,
  "params": {
    "lr": 0.0001553295978077086,
    "weight_decay": 0.00020233435446609765,
    "focal_gamma": 2.5805801552745,
    "proj_dropout": 0.27567808760245377,
    "fusion_dropout": 0.1768012831014244,
    "gcn_layers": 8,
    "gcn_alpha": 0.10113665151117095,
    "gcn_dropout": 0.2478867738947615,
    "tcn_dropout": 0.2265235839966261,
    "clf_dropout": 0.3604582330190455,
    "lambda_mcc": 1.2291182629363822,
    "batch_size": 2
  }
}