{
  "value": 0.5733115665524272,
  "params": {
    "lr": 1.693043911021517e-05,
    "weight_decay": 0.0012960108561839126,
    "focal_gamma": 1.5131792143809233,
    "proj_dropout": 0.2969165782154585,
    "fusion_dropout": 0.12955524202496493,
    "fusion_heads": 4,
    "gcn_layers": 7,
    "gcn_alpha": 0.2521971544379701,
    "gcn_dropout": 0.05420610603865322,
    "tcn_dropout": 0.15964551894157167,
    "clf_dropout": 0.26473789350111837,
    "lambda_mcc": 1.55385518830603
  }
}