{
  "value": 0.495232284551576,
  "params": {
    "lr": 0.0004730410433944929,
    "weight_decay": 0.0003647720377517857,
    "focal_gamma": 2.240297815569115,
    "proj_dropout": 0.18043100005240875,
    "fusion_dropout": 0.21430949154911105,
    "gcn_layers": 7,
    "gcn_alpha": 0.20598478830424166,
    "gcn_dropout": 0.2461243088768886,
    "tcn_dropout": 0.29933448739693524,
    "clf_dropout": 0.22813589410316676,
    "lambda_mcc": 1.1473789350111838,
    "batch_size": 2
  }
}