{
  "value": 0.5136320524037461,
  "params": {
    "lr": 2.9812282251334696e-05,
    "weight_decay": 0.0003829744481435841,
    "focal_gamma": 1.2950646082201973,
    "proj_dropout": 0.10627406994502112,
    "fusion_dropout": 0.11668600391439436,
    "fusion_heads": 8,
    "gcn_layers": 9,
    "gcn_alpha": 0.2691545055420094,
    "gcn_dropout": 0.23796209591792133,
    "tcn_dropout": 0.11902140476132765,
    "clf_dropout": 0.38604467233536727,
    "lambda_mcc": 1.977960685348398,
    "batch_size": 2
  }
}