{
  "value": 0.579999293238153,
  "params": {
    "lr": 3.3600054151176446e-05,
    "weight_decay": 0.0004285031210636589,
    "focal_gamma": 1.3343753541610455,
    "proj_dropout": 0.14386925355271923,
    "fusion_dropout": 0.10838868446211856,
    "fusion_heads": 8,
    "gcn_layers": 9,
    "gcn_alpha": 0.3558273912456624,
    "gcn_dropout": 0.18863918979335326,
    "tcn_dropout": 0.14922187885114316,
    "clf_dropout": 0.4058856404623357,
    "lambda_mcc": 1.0228618236927134
  }
}